{"cameraMode":{"drawMode":0,"name":"Shaded","section":"Shading Mode"},"sceneLighting":false,"audioPlay":false,"sceneViewState":{"showFog":true,"showMaterialUpdate":false,"showSkybox":false,"showFlares":true,"showImageEffects":true,"showParticleSystems":true},"in2DMode":false,"pivot":{"x":-1.0700000524520875,"y":0.9500000476837158,"z":1.5199999809265137},"rotation":{"x":-0.3044373393058777,"y":-0.2017107754945755,"z":0.06613173335790634,"w":-0.9285781383514404},"size":3.4578850269317629,"orthographic":false}