{"cameraMode":{"drawMode":0,"name":"Shaded","section":"Shading Mode"},"sceneLighting":true,"audioPlay":false,"sceneViewState":{"showFog":true,"showMaterialUpdate":false,"showSkybox":true,"showFlares":true,"showImageEffects":true,"showParticleSystems":true},"in2DMode":false,"pivot":{"x":-1.0700000524520875,"y":0.9500000476837158,"z":1.5199999809265137},"rotation":{"x":-0.05495176836848259,"y":-0.13646306097507478,"z":0.007581312209367752,"w":-0.9890908598899841},"size":10.907525062561036,"orthographic":false}